{"timestamp": "2025-01-12T08:21:51Z", "device_id": "sensor-co2-020", "building": "A", "floor": 3, "type": "co2", "value": 683, "unit": "ppm"}
{"timestamp": "2025-01-12T08:21:53Z", "device_id": "sensor-co2-020", "building": "B", "floor": 2, "type": "co2", "value": 735, "unit": "ppm"}
{"timestamp": "2025-01-12T08:21:55Z", "device_id": "sensor-temp-003", "building": "A", "floor": 1, "type": "temperature", "value": 20.6, "unit": "°C"}
{"timestamp": "2025-01-12T08:21:56Z", "device_id": "sensor-co2-020", "building": "B", "floor": 2, "type": "co2", "value": 670, "unit": "ppm"}
{"timestamp": "2025-01-12T08:22:01Z", "device_id": "sensor-hum-002", "building": "A", "floor": 2, "type": "humidity", "value": 32.2, "unit": "%"}
