{"timestamp": "2025-01-12T08:35:31Z", "device_id": "sensor-energy-010", "building": "A", "floor": 1, "type": "energy_consumption", "value": 102.4, "unit": "kWh"}
{"timestamp": "2025-01-12T08:35:34Z", "device_id": "sensor-co2-020", "building": "B", "floor": 2, "type": "co2", "value": 598, "unit": "ppm"}
{"timestamp": "2025-01-12T08:35:39Z", "device_id": "sensor-co2-020", "building": "B", "floor": 1, "type": "co2", "value": 1039, "unit": "ppm"}
{"timestamp": "2025-01-12T08:35:41Z", "device_id": "sensor-temp-001", "building": "A", "floor": 3, "type": "temperature", "value": 22.2, "unit": "°C"}
{"timestamp": "2025-01-12T08:35:44Z", "device_id": "sensor-temp-003", "building": "B", "floor": 3, "type": "temperature", "value": 26.4, "unit": "°C"}
