{"timestamp": "2025-01-12T08:25:07Z", "device_id": "sensor-co2-020", "building": "B", "floor": 1, "type": "co2", "value": 698, "unit": "ppm"}
{"timestamp": "2025-01-12T08:25:10Z", "device_id": "sensor-energy-010", "building": "B", "floor": 3, "type": "energy_consumption", "value": 107.9, "unit": "kWh"}
{"timestamp": "2025-01-12T08:25:14Z", "device_id": "sensor-co2-020", "building": "A", "floor": 2, "type": "co2", "value": 1166, "unit": "ppm"}
{"timestamp": "2025-01-12T08:25:17Z", "device_id": "sensor-temp-003", "building": "A", "floor": 3, "type": "temperature", "value": 22.1, "unit": "°C"}
{"timestamp": "2025-01-12T08:25:19Z", "device_id": "sensor-hum-002", "building": "B", "floor": 3, "type": "humidity", "value": 54.8, "unit": "%"}
