{"timestamp": "2025-01-12T08:28:34Z", "device_id": "sensor-hum-002", "building": "A", "floor": 1, "type": "humidity", "value": 44.4, "unit": "%"}
{"timestamp": "2025-01-12T08:28:39Z", "device_id": "sensor-energy-010", "building": "A", "floor": 2, "type": "energy_consumption", "value": 181.4, "unit": "kWh"}
{"timestamp": "2025-01-12T08:28:41Z", "device_id": "sensor-temp-003", "building": "A", "floor": 3, "type": "temperature", "value": 18.9, "unit": "°C"}
{"timestamp": "2025-01-12T08:28:42Z", "device_id": "sensor-temp-001", "building": "B", "floor": 1, "type": "temperature", "value": 20.9, "unit": "°C"}
{"timestamp": "2025-01-12T08:28:44Z", "device_id": "sensor-temp-001", "building": "A", "floor": 2, "type": "temperature", "value": 25.0, "unit": "°C"}
