{"timestamp": "2025-01-12T08:22:20Z", "device_id": "sensor-energy-010", "building": "B", "floor": 3, "type": "energy_consumption", "value": 142.7, "unit": "kWh"}
{"timestamp": "2025-01-12T08:22:23Z", "device_id": "sensor-energy-010", "building": "B", "floor": 1, "type": "energy_consumption", "value": 177.8, "unit": "kWh"}
{"timestamp": "2025-01-12T08:22:25Z", "device_id": "sensor-temp-003", "building": "B", "floor": 3, "type": "temperature", "value": 25.6, "unit": "°C"}
{"timestamp": "2025-01-12T08:22:29Z", "device_id": "sensor-temp-003", "building": "A", "floor": 2, "type": "temperature", "value": 26.8, "unit": "°C"}
{"timestamp": "2025-01-12T08:22:33Z", "device_id": "sensor-temp-001", "building": "A", "floor": 3, "type": "temperature", "value": 22.6, "unit": "°C"}
