{"timestamp": "2025-01-12T08:22:53Z", "device_id": "sensor-temp-003", "building": "A", "floor": 1, "type": "temperature", "value": 18.4, "unit": "°C"}
{"timestamp": "2025-01-12T08:22:58Z", "device_id": "sensor-energy-010", "building": "B", "floor": 3, "type": "energy_consumption", "value": 164.1, "unit": "kWh"}
{"timestamp": "2025-01-12T08:22:59Z", "device_id": "sensor-co2-020", "building": "B", "floor": 1, "type": "co2", "value": 403, "unit": "ppm"}
{"timestamp": "2025-01-12T08:23:02Z", "device_id": "sensor-temp-001", "building": "A", "floor": 3, "type": "temperature", "value": 23.7, "unit": "°C"}
{"timestamp": "2025-01-12T08:23:06Z", "device_id": "sensor-co2-020", "building": "A", "floor": 3, "type": "co2", "value": 788, "unit": "ppm"}
