{"timestamp": "2025-01-12T08:18:41Z", "device_id": "sensor-energy-010", "building": "A", "floor": 3, "type": "energy_consumption", "value": 122.6, "unit": "kWh"}
{"timestamp": "2025-01-12T08:18:45Z", "device_id": "sensor-hum-002", "building": "A", "floor": 1, "type": "humidity", "value": 38.8, "unit": "%"}
{"timestamp": "2025-01-12T08:18:48Z", "device_id": "sensor-co2-020", "building": "B", "floor": 2, "type": "co2", "value": 467, "unit": "ppm"}
{"timestamp": "2025-01-12T08:18:51Z", "device_id": "sensor-energy-010", "building": "A", "floor": 1, "type": "energy_consumption", "value": 191.6, "unit": "kWh"}
{"timestamp": "2025-01-12T08:18:53Z", "device_id": "sensor-co2-020", "building": "B", "floor": 3, "type": "co2", "value": 694, "unit": "ppm"}
