{"timestamp": "2025-01-12T08:39:58Z", "device_id": "sensor-temp-001", "building": "B", "floor": 3, "type": "temperature", "value": 19.6, "unit": "°C"}
{"timestamp": "2025-01-12T08:40:00Z", "device_id": "sensor-hum-002", "building": "B", "floor": 1, "type": "humidity", "value": 41.4, "unit": "%"}
{"timestamp": "2025-01-12T08:40:01Z", "device_id": "sensor-temp-003", "building": "B", "floor": 1, "type": "temperature", "value": 27.1, "unit": "°C"}
{"timestamp": "2025-01-12T08:40:03Z", "device_id": "sensor-energy-010", "building": "B", "floor": 1, "type": "energy_consumption", "value": 104.2, "unit": "kWh"}
{"timestamp": "2025-01-12T08:40:07Z", "device_id": "sensor-temp-001", "building": "A", "floor": 1, "type": "temperature", "value": 26.9, "unit": "°C"}
