{"timestamp": "2025-01-12T08:41:42Z", "device_id": "sensor-hum-002", "building": "B", "floor": 3, "type": "humidity", "value": 49.6, "unit": "%"}
{"timestamp": "2025-01-12T08:41:44Z", "device_id": "sensor-co2-020", "building": "B", "floor": 2, "type": "co2", "value": 418, "unit": "ppm"}
{"timestamp": "2025-01-12T08:41:45Z", "device_id": "sensor-co2-020", "building": "B", "floor": 2, "type": "co2", "value": 1064, "unit": "ppm"}
{"timestamp": "2025-01-12T08:41:49Z", "device_id": "sensor-temp-001", "building": "B", "floor": 3, "type": "temperature", "value": 23.9, "unit": "°C"}
{"timestamp": "2025-01-12T08:41:51Z", "device_id": "sensor-temp-003", "building": "A", "floor": 1, "type": "temperature", "value": 22.0, "unit": "°C"}
