{"timestamp": "2025-01-12T08:40:11Z", "device_id": "sensor-hum-002", "building": "A", "floor": 2, "type": "humidity", "value": 41.3, "unit": "%"}
{"timestamp": "2025-01-12T08:40:12Z", "device_id": "sensor-temp-001", "building": "A", "floor": 1, "type": "temperature", "value": 25.6, "unit": "°C"}
{"timestamp": "2025-01-12T08:40:15Z", "device_id": "sensor-temp-001", "building": "A", "floor": 3, "type": "temperature", "value": 26.4, "unit": "°C"}
{"timestamp": "2025-01-12T08:40:20Z", "device_id": "sensor-temp-003", "building": "B", "floor": 2, "type": "temperature", "value": 20.0, "unit": "°C"}
{"timestamp": "2025-01-12T08:40:23Z", "device_id": "sensor-hum-002", "building": "B", "floor": 2, "type": "humidity", "value": 37.9, "unit": "%"}
