{"timestamp": "2025-01-12T08:24:39Z", "device_id": "sensor-temp-001", "building": "B", "floor": 2, "type": "temperature", "value": 27.0, "unit": "°C"}
{"timestamp": "2025-01-12T08:24:43Z", "device_id": "sensor-temp-001", "building": "B", "floor": 2, "type": "temperature", "value": 20.9, "unit": "°C"}
{"timestamp": "2025-01-12T08:24:45Z", "device_id": "sensor-hum-002", "building": "A", "floor": 3, "type": "humidity", "value": 47.4, "unit": "%"}
{"timestamp": "2025-01-12T08:24:47Z", "device_id": "sensor-energy-010", "building": "B", "floor": 1, "type": "energy_consumption", "value": 126.0, "unit": "kWh"}
{"timestamp": "2025-01-12T08:24:48Z", "device_id": "sensor-temp-003", "building": "B", "floor": 2, "type": "temperature", "value": 21.5, "unit": "°C"}
