{"timestamp": "2025-01-12T08:29:26Z", "device_id": "sensor-energy-010", "building": "B", "floor": 3, "type": "energy_consumption", "value": 165.1, "unit": "kWh"}
{"timestamp": "2025-01-12T08:29:30Z", "device_id": "sensor-energy-010", "building": "A", "floor": 1, "type": "energy_consumption", "value": 162.4, "unit": "kWh"}
{"timestamp": "2025-01-12T08:29:35Z", "device_id": "sensor-temp-001", "building": "B", "floor": 3, "type": "temperature", "value": 22.8, "unit": "°C"}
{"timestamp": "2025-01-12T08:29:37Z", "device_id": "sensor-temp-003", "building": "B", "floor": 3, "type": "temperature", "value": 20.7, "unit": "°C"}
{"timestamp": "2025-01-12T08:29:40Z", "device_id": "sensor-temp-001", "building": "A", "floor": 2, "type": "temperature", "value": 21.3, "unit": "°C"}
