{"timestamp": "2025-01-12T08:24:08Z", "device_id": "sensor-temp-001", "building": "A", "floor": 3, "type": "temperature", "value": 25.8, "unit": "°C"}
{"timestamp": "2025-01-12T08:24:09Z", "device_id": "sensor-temp-001", "building": "A", "floor": 3, "type": "temperature", "value": 21.0, "unit": "°C"}
{"timestamp": "2025-01-12T08:24:14Z", "device_id": "sensor-temp-003", "building": "B", "floor": 3, "type": "temperature", "value": 23.2, "unit": "°C"}
{"timestamp": "2025-01-12T08:24:19Z", "device_id": "sensor-co2-020", "building": "A", "floor": 3, "type": "co2", "value": 535, "unit": "ppm"}
{"timestamp": "2025-01-12T08:24:22Z", "device_id": "sensor-temp-003", "building": "A", "floor": 1, "type": "temperature", "value": 23.4, "unit": "°C"}
