{"timestamp": "2025-01-12T08:24:26Z", "device_id": "sensor-co2-020", "building": "A", "floor": 1, "type": "co2", "value": 1104, "unit": "ppm"}
{"timestamp": "2025-01-12T08:24:29Z", "device_id": "sensor-temp-001", "building": "A", "floor": 3, "type": "temperature", "value": 27.2, "unit": "°C"}
{"timestamp": "2025-01-12T08:24:30Z", "device_id": "sensor-hum-002", "building": "B", "floor": 2, "type": "humidity", "value": 54.2, "unit": "%"}
{"timestamp": "2025-01-12T08:24:31Z", "device_id": "sensor-temp-001", "building": "A", "floor": 1, "type": "temperature", "value": 26.4, "unit": "°C"}
{"timestamp": "2025-01-12T08:24:34Z", "device_id": "sensor-temp-001", "building": "B", "floor": 2, "type": "temperature", "value": 24.2, "unit": "°C"}
