{"timestamp": "2025-01-12T08:25:22Z", "device_id": "sensor-energy-010", "building": "B", "floor": 2, "type": "energy_consumption", "value": 134.0, "unit": "kWh"}
{"timestamp": "2025-01-12T08:25:24Z", "device_id": "sensor-temp-001", "building": "A", "floor": 3, "type": "temperature", "value": 18.7, "unit": "°C"}
{"timestamp": "2025-01-12T08:25:25Z", "device_id": "sensor-co2-020", "building": "A", "floor": 3, "type": "co2", "value": 741, "unit": "ppm"}
{"timestamp": "2025-01-12T08:25:30Z", "device_id": "sensor-energy-010", "building": "B", "floor": 3, "type": "energy_consumption", "value": 128.6, "unit": "kWh"}
{"timestamp": "2025-01-12T08:25:31Z", "device_id": "sensor-temp-001", "building": "A", "floor": 1, "type": "temperature", "value": 21.3, "unit": "°C"}
