{"timestamp": "2025-01-12T08:34:46Z", "device_id": "sensor-temp-003", "building": "B", "floor": 1, "type": "temperature", "value": 19.0, "unit": "°C"}
{"timestamp": "2025-01-12T08:34:51Z", "device_id": "sensor-temp-003", "building": "B", "floor": 2, "type": "temperature", "value": 23.0, "unit": "°C"}
{"timestamp": "2025-01-12T08:34:54Z", "device_id": "sensor-co2-020", "building": "A", "floor": 2, "type": "co2", "value": 657, "unit": "ppm"}
{"timestamp": "2025-01-12T08:34:57Z", "device_id": "sensor-energy-010", "building": "B", "floor": 3, "type": "energy_consumption", "value": 163.2, "unit": "kWh"}
{"timestamp": "2025-01-12T08:34:59Z", "device_id": "sensor-co2-020", "building": "A", "floor": 2, "type": "co2", "value": 960, "unit": "ppm"}
