{"timestamp": "2025-01-12T08:40:51Z", "device_id": "sensor-temp-001", "building": "B", "floor": 3, "type": "temperature", "value": 27.1, "unit": "°C"}
{"timestamp": "2025-01-12T08:40:55Z", "device_id": "sensor-temp-003", "building": "A", "floor": 3, "type": "temperature", "value": 24.6, "unit": "°C"}
{"timestamp": "2025-01-12T08:40:58Z", "device_id": "sensor-energy-010", "building": "B", "floor": 2, "type": "energy_consumption", "value": 162.8, "unit": "kWh"}
{"timestamp": "2025-01-12T08:41:01Z", "device_id": "sensor-co2-020", "building": "B", "floor": 2, "type": "co2", "value": 639, "unit": "ppm"}
{"timestamp": "2025-01-12T08:41:05Z", "device_id": "sensor-co2-020", "building": "A", "floor": 1, "type": "co2", "value": 744, "unit": "ppm"}
