{"timestamp": "2025-01-12T08:26:06Z", "device_id": "sensor-temp-003", "building": "A", "floor": 1, "type": "temperature", "value": 26.0, "unit": "°C"}
{"timestamp": "2025-01-12T08:26:10Z", "device_id": "sensor-co2-020", "building": "B", "floor": 3, "type": "co2", "value": 1126, "unit": "ppm"}
{"timestamp": "2025-01-12T08:26:12Z", "device_id": "sensor-energy-010", "building": "B", "floor": 3, "type": "energy_consumption", "value": 157.2, "unit": "kWh"}
{"timestamp": "2025-01-12T08:26:17Z", "device_id": "sensor-temp-001", "building": "A", "floor": 3, "type": "temperature", "value": 19.2, "unit": "°C"}
{"timestamp": "2025-01-12T08:26:21Z", "device_id": "sensor-co2-020", "building": "B", "floor": 1, "type": "co2", "value": 837, "unit": "ppm"}
