{"timestamp": "2025-01-12T08:35:58Z", "device_id": "sensor-co2-020", "building": "B", "floor": 2, "type": "co2", "value": 1165, "unit": "ppm"}
{"timestamp": "2025-01-12T08:35:59Z", "device_id": "sensor-temp-001", "building": "A", "floor": 2, "type": "temperature", "value": 27.0, "unit": "°C"}
{"timestamp": "2025-01-12T08:36:01Z", "device_id": "sensor-temp-003", "building": "A", "floor": 3, "type": "temperature", "value": 19.0, "unit": "°C"}
{"timestamp": "2025-01-12T08:36:05Z", "device_id": "sensor-energy-010", "building": "A", "floor": 1, "type": "energy_consumption", "value": 183.6, "unit": "kWh"}
{"timestamp": "2025-01-12T08:36:07Z", "device_id": "sensor-energy-010", "building": "A", "floor": 3, "type": "energy_consumption", "value": 104.4, "unit": "kWh"}
