{"timestamp": "2025-01-12T08:23:56Z", "device_id": "sensor-temp-003", "building": "B", "floor": 1, "type": "temperature", "value": 26.3, "unit": "°C"}
{"timestamp": "2025-01-12T08:24:00Z", "device_id": "sensor-co2-020", "building": "A", "floor": 1, "type": "co2", "value": 1027, "unit": "ppm"}
{"timestamp": "2025-01-12T08:24:03Z", "device_id": "sensor-co2-020", "building": "A", "floor": 2, "type": "co2", "value": 1069, "unit": "ppm"}
{"timestamp": "2025-01-12T08:24:05Z", "device_id": "sensor-energy-010", "building": "B", "floor": 3, "type": "energy_consumption", "value": 163.4, "unit": "kWh"}
{"timestamp": "2025-01-12T08:24:07Z", "device_id": "sensor-temp-001", "building": "B", "floor": 3, "type": "temperature", "value": 24.0, "unit": "°C"}
